photo,soc,input_watts,time_to_full,output_watts,time_to_empty
140909.jpg,81,0,,0,45.5
141009.jpg,81,0,,0,45.5
141109.jpg,81,0,,0,45.5
141209.jpg,81,0,,0,45.5
141309.jpg,81,0,,0,45.5
141409.jpg,81,0,,0,45.5
141509.jpg,80,00,0.4,0,99.9
141609.jpg,81,206,0.4,0,99.9
141709.jpg,82,07,0.4,0,99.9
141809.jpg,83,207,0.4,0,99.9
141909.jpg,84,206,0.4,0,99.9
142009.jpg,85,0,,0,47.8
142109.jpg,85,0,,0,47.8
142209.jpg,85,0,,0,47.8
142309.jpg,85,0,,0,47.8
142409.jpg,85,0,,0,47.8
142509.jpg,85,0,,0,47.8
142609.jpg,85,0,,0,47.8
142709.jpg,85,0,,0,47.8
142809.jpg,85,0,,0,47.8
142909.jpg,85,0,,0,47.9
143009.jpg,85,0,,0,47.8
143109.jpg,85,0,,0,47.9
143209.jpg,85,0,,0,47.8
143309.jpg,85,0,,0,47.9
143409.jpg,85,0,,0,47.8
143509.jpg,85,0,,0,47.8
143609.jpg,85,0,,0,47.8
143709.jpg,85,0,,0,47.8
143809.jpg,85,0,,0,47.8
143909.jpg,85,0,,0,47.8
144009.jpg,85,0,,0,47.9
144109.jpg,85,0,,0,47.8
144209.jpg,85,0,,0,47.8
144309.jpg,85,0,,0,47.8
144409.jpg,85,0,,0,47.8
144509.jpg,85,0,,0,47.8
144609.jpg,85,0,,0,47.8
144709.jpg,85,0,,0,47.8
144809.jpg,85,0,,0,47.8
144909.jpg,85,0,,0,47.8
145009.jpg,85,0,,0,47.8
145109.jpg,85,0,,0,47.8
145209.jpg,85,0,,0,47.8
145309.jpg,85,0,,0,47.8
145409.jpg,85,0,,0,47.8
145509.jpg,85,0,,0,47.8
145609.jpg,85,0,,0,47.8
145709.jpg,85,0,,0,47.9
145809.jpg,85,0,,0,47.8
145909.jpg,85,0,,0,47.8
150009.jpg,85,0,,0,47.8
150109.jpg,85,0,,0,47.8
150209.jpg,85,0,,0,47.8
150309.jpg,85,0,,0,47.8
150409.jpg,85,0,,0,47.8
150509.jpg,85,0,,0,47.8
150609.jpg,85,0,,0,47.8
150709.jpg,85,0,,0,47.8
150809.jpg,85,0,,0,47.8
150909.jpg,85,0,,0,47.8
151009.jpg,85,0,,0,47.8
151109.jpg,85,0,,0,47.8
151209.jpg,85,0,,0,47.9
151309.jpg,85,0,,0,47.8
151409.jpg,85,0,,0,47.8
151509.jpg,85,0,,0,47.8
151609.jpg,85,0,,0,47.8
151709.jpg,85,0,,0,47.8
151809.jpg,85,0,,0,47.8
151909.jpg,85,0,,0,47.8
152009.jpg,85,0,,0,47.8
152109.jpg,85,0,,0,47.8
152209.jpg,85,0,,0,47.8
152309.jpg,85,0,,0,47.8
152409.jpg,85,0,,0,47.9
152509.jpg,85,0,,0,47.8
152609.jpg,85,0,,0,47.8
152709.jpg,85,0,,0,47.8
152809.jpg,85,0,,0,47.8
152909.jpg,85,0,,0,47.0
153009.jpg,85,0,,0,47.8
153109.jpg,85,0,,0,47.8
153209.jpg,85,0,,0,47.8
153309.jpg,85,0,,0,47.8
153409.jpg,85,0,,0,47.8
153509.jpg,85,0,,0,47.8
153609.jpg,85,0,,0,47.8
153709.jpg,85,0,,0,47.8
153809.jpg,85,0,,0,47.8
153909.jpg,85,0,,0,47.8
154009.jpg,85,0,,0,47.8
154109.jpg,85,0,,0,47.8
154209.jpg,85,0,,0,47.8
154309.jpg,85,0,,0,47.9
154409.jpg,85,0,,0,47.8
154509.jpg,85,0,,0,47.8
154609.jpg,85,0,,0,47.8
154709.jpg,85,0,,0,47.8
154809.jpg,85,0,,0,47.8
154909.jpg,85,0,,0,47.8
155009.jpg,85,0,,0,47.8
155109.jpg,85,0,,0,47.9
155209.jpg,85,0,,0,47.8
155309.jpg,85,0,,0,47.9
155409.jpg,85,0,,0,47.8
155509.jpg,85,0,,0,47.8
155609.jpg,85,0,,0,47.8
155709.jpg,85,0,,0,47.8
155809.jpg,85,0,,0,47.8
155909.jpg,85,0,,0,47.8
160009.jpg,85,0,,0,47.8
160109.jpg,85,0,,0,47.8
160209.jpg,85,0,,0,47.8
160309.jpg,85,0,,0,47.8
160409.jpg,85,0,,0,47.8
160509.jpg,85,0,,0,47.8
160609.jpg,85,0,,0,47.8
160709.jpg,85,0,,0,47.9
160809.jpg,85,0,,0,47.8
160909.jpg,85,0,,0,47.8
161009.jpg,85,0,,0,47.8
161109.jpg,85,0,,0,47.8
161209.jpg,85,0,,0,47.8
161309.jpg,85,0,,0,47.8
161409.jpg,85,0,,0,47.8
161509.jpg,85,0,,0,47.8
161609.jpg,85,0,,0,47.8
161709.jpg,85,0,,0,47.9
161809.jpg,85,0,,0,47.8
161909.jpg,85,0,,0,47.8
162009.jpg,85,0,,0,47.8
162109.jpg,85,0,,0,47.8
162209.jpg,85,0,,,47.8
162309.jpg,85,0,,0,47.8
162409.jpg,85,0,,0,47.8
162509.jpg,85,0,,0,47.8
162609.jpg,85,0,,0,47.8
162709.jpg,85,0,,0,47.8
162809.jpg,85,0,,0,47.8
162909.jpg,85,0,,0,47.8
163009.jpg,85,0,,0,47.8
163109.jpg,85,0,,0,47.8
163209.jpg,85,0,,0,47.8
163309.jpg,85,0,,0,47.8
163409.jpg,85,0,,0,47.8
163509.jpg,85,0,,0,47.8
163609.jpg,85,0,,0,47.8
163709.jpg,85,0,,0,47.8
163809.jpg,85,0,,0,47.8
163909.jpg,85,0,,0,47.9
164009.jpg,85,0,,0,47.8
164109.jpg,85,0,,0,47.8
164209.jpg,85,0,,0,47.8
164309.jpg,85,0,,0,47.8
164409.jpg,85,0,,0,47.8
164509.jpg,85,0,,0,47.9
164609.jpg,85,0,,0,47.8
164709.jpg,85,0,,0,47.8
164809.jpg,85,0,,0,47.8
164909.jpg,85,0,,0,47.8
165009.jpg,85,0,,0,47.8
165109.jpg,85,0,,0,47.8
165209.jpg,85,0,,0,47.8
165309.jpg,85,0,,0,47.9
165409.jpg,85,0,,0,47.9
165509.jpg,85,0,,0,47.8
165609.jpg,85,0,,0,47.8
165709.jpg,85,0,,0,47.9
165809.jpg,85,0,,0,47.8
165909.jpg,85,0,,0,47.8
170009.jpg,85,0,,0,47.9
170109.jpg,85,0,,0,47.8
170209.jpg,85,0,,0,47.8
170309.jpg,85,0,,0,47.8
170409.jpg,85,0,,0,47.8
170509.jpg,85,0,,0,47.8
170609.jpg,85,0,,0,47.8
170709.jpg,85,0,,0,47.8
170809.jpg,85,0,,0,47.8
